,antecedents,consequents,antecedent support,consequent support,support,confidence,lift,leverage,conviction
201,"'fresh herbs', 'fresh fruits', 'packaged vegetables fruits'",'fresh vegetables',0.09223637589885346,0.5344675272861987,0.08853172228396645,0.9598352214212152,1.795871914417055,0.03923437453146591,11.590564897566694
257,"'packaged vegetables fruits', 'milk', 'yogurt', 'fresh vegetables'",'fresh fruits',0.08866470984962906,0.6347591500194731,0.08426662107092987,0.9503964002571246,1.4972551403598804,0.027985885210056127,7.363192427037243
144,"'fresh herbs', 'packaged vegetables fruits'",'fresh vegetables',0.10153600638340315,0.5344675272861987,0.09629249665156307,0.9483581251754138,1.7743980256214582,0.0420247983893099,9.0146315232569
261,"'packaged vegetables fruits', 'packaged cheese', 'yogurt', 'fresh vegetables'",'fresh fruits',0.09845829414949703,0.6347591500194731,0.09272083060233868,0.9417269657501206,1.4835973072955786,0.030223527495636685,6.267750678887684
253,"'packaged vegetables fruits', 'milk', 'packaged cheese', 'fresh vegetables'",'fresh fruits',0.08270876673031072,0.6347591500194731,0.07771223390612977,0.9395888365682783,1.480228897117046,0.025212087437238864,6.045916503384871
88,"'fresh herbs', 'fresh fruits'",'fresh vegetables',0.12163612702212342,0.5344675272861987,0.11420782156868332,0.9389301054275674,1.7567580021092384,0.04919726153049904,7.622945413171647
244,"'soy lactosefree', 'yogurt', 'packaged vegetables fruits'",'fresh fruits',0.0765628413743315,0.6347591500194731,0.07160430499748273,0.9352357320099255,1.4733710132122306,0.023005340883636316,5.639542626136098
236,"'soy lactosefree', 'yogurt', 'fresh vegetables'",'fresh fruits',0.07995402429872807,0.6347591500194731,0.07439704387639756,0.930497802067245,1.465906875133189,0.02364549537190063,5.255097836386494
240,"'milk', 'yogurt', 'packaged vegetables fruits'",'fresh fruits',0.10763443618021715,0.6347591500194731,0.09976917158245704,0.9269261318506752,1.460280063426008,0.03144722835987718,4.998241631798734
177,"'bread', 'yogurt', 'packaged vegetables fruits'",'fresh fruits',0.08174935643517331,0.6347591500194731,0.07568892308569149,0.9258656751103881,1.4586094191505303,0.02379777108026193,4.926744129988109
217,"'milk', 'yogurt', 'fresh vegetables'",'fresh fruits',0.11330540594454419,0.6347591500194731,0.1048131999658032,0.9250503018108651,1.4573248794956108,0.03289155679583297,4.873146374236823
173,"'bread', 'yogurt', 'fresh vegetables'",'fresh fruits',0.08723984307467252,0.6347591500194731,0.08064745946254025,0.9244337979094076,1.4563536388267075,0.025271170824628902,4.833389000318669
229,"'fresh vegetables', 'soy lactosefree', 'packaged vegetables fruits'",'fresh fruits',0.1166205959742764,0.6347591500194731,0.10779592108137889,0.924330048057343,1.4561901912386555,0.03376993070598282,4.826762018526294
191,"'fresh vegetables', 'crackers', 'packaged vegetables fruits'",'fresh fruits',0.08168286265234201,0.6347591500194731,0.07536595328336801,0.9226654262123503,1.4535677448431341,0.02351700881501003,4.722866269146691
234,"'fresh vegetables', 'yogurt', 'packaged vegetables fruits'",'fresh fruits',0.17012909292981107,0.6347591500194731,0.15692532748188046,0.922389726409827,1.4531334071852764,0.04893432906016962,4.706088937518879
184,"'chips pretzels', 'yogurt', 'fresh vegetables'",'fresh fruits',0.07884262821426197,0.6347591500194731,0.07268720374644971,0.9219277108433735,1.4524055475452236,0.022641124075863453,4.678239282157986
197,"'eggs', 'yogurt', 'fresh vegetables'",'fresh fruits',0.07692380762398715,0.6347591500194731,0.07085387516267229,0.9210916275623612,1.4510883813712712,0.022025784419008737,4.628670427452755
188,"'chips pretzels', 'yogurt', 'packaged vegetables fruits'",'fresh fruits',0.07695230495948628,0.6347591500194731,0.07087287338633838,0.9209974077274412,1.4509399473787608,0.022026693698215583,4.623150196394146
242,"'packaged cheese', 'yogurt', 'packaged vegetables fruits'",'fresh fruits',0.11620263505362248,0.6347591500194731,0.10698849657557019,0.9207062862748305,1.4504813144427853,0.03322781071890975,4.606176616300818
203,"'fresh herbs', 'fresh vegetables', 'packaged vegetables fruits'",'fresh fruits',0.09629249665156307,0.6347591500194731,0.08853172228396645,0.9194041629673475,1.4484299484917107,0.027409178956167318,4.531758257347134
223,"'packaged cheese', 'yogurt', 'fresh vegetables'",'fresh fruits',0.12300399912608172,0.6347591500194731,0.11299193525405375,0.9186037531855742,1.44716898237291,0.034914021319786104,4.487195224286379
215,"'packaged vegetables fruits', 'milk', 'fresh vegetables'",'fresh fruits',0.1397319350640715,0.6347591500194731,0.12826650708158788,0.9179469748470429,1.4461342933282366,0.03957038274974163,4.451278295951578
199,"'fresh vegetables', 'fresh dips tapenades', 'packaged vegetables fruits'",'fresh fruits',0.08168286265234201,0.6347591500194731,0.074928994139048,0.9173159669729037,1.4451402030908296,0.023080049670690016,4.417308113899503
207,"'fresh vegetables', 'frozen produce', 'packaged vegetables fruits'",'fresh fruits',0.10609558006326408,0.6347591500194731,0.09715691582837005,0.9157489479810189,1.4426715202969906,0.029811775606589583,4.335148834678539
56,"'canned jarred vegetables', 'packaged vegetables fruits'",'fresh vegetables',0.07900411311542371,0.5344675272861987,0.07233573660862709,0.9155945653480821,1.7130967151495362,0.030110603626387435,5.515432443818634
238,"'milk', 'packaged cheese', 'packaged vegetables fruits'",'fresh fruits',0.09833480569566745,0.6347591500194731,0.0900040846180882,0.9152820710973725,1.4419360021345,0.02758516693737629,4.311258014821452
35,'fresh herbs','fresh vegetables',0.1419072316738385,0.5344675272861987,0.1298623578695392,0.9151214940759087,1.7122115888359217,0.054017550652793,5.484692121349746
226,"'fresh vegetables', 'refrigerated', 'packaged vegetables fruits'",'fresh fruits',0.08380116459111073,0.6347591500194731,0.07633486269033846,0.9109045567898436,1.4350396630941025,0.023141306683843045,4.0994335604684595
171,"'bread', 'fresh vegetables', 'packaged vegetables fruits'",'fresh fruits',0.1143313100225129,0.6347591500194731,0.10411026569015797,0.910601528747092,1.4345622725078584,0.0315374205196548,4.085537983611169
210,"'packaged vegetables fruits', 'lunch meat', 'fresh vegetables'",'fresh fruits',0.081245903508022,0.6347591500194731,0.07395058562024451,0.910206944931603,1.4339406448944922,0.022379004966928337,4.067584622244075
239,"'packaged cheese', 'yogurt', 'milk'",'fresh fruits',0.08550150560922554,0.6347591500194731,0.07776922857712804,0.9095656038217975,1.432930275670534,0.023496365551230816,4.038738194932089
212,"'milk', 'packaged cheese', 'fresh vegetables'",'fresh fruits',0.1054876369059493,0.6347591500194731,0.09584603839541003,0.9085997298514182,1.4314086371555954,0.028886795655426845,3.996058757668718
92,"'fresh herbs', 'packaged vegetables fruits'",'fresh fruits',0.10153600638340315,0.6347591500194731,0.09223637589885346,0.9084105154832071,1.4311105487102294,0.027785466790552674,3.987803315058072
194,"'fresh vegetables', 'eggs', 'packaged vegetables fruits'",'fresh fruits',0.10630456052359104,0.6347591500194731,0.09656797089472134,0.9084085425788581,1.4311074405953659,0.02909017841357306,3.9877174167142226
54,"'fresh fruits', 'canned jarred vegetables'",'fresh vegetables',0.09296780750999782,0.5344675272861987,0.08430461751826204,0.9068151629712884,1.6966702683991193,0.03461634332117421,4.995796393037248
175,"'bread', 'packaged cheese', 'packaged vegetables fruits'",'fresh fruits',0.081464383080182,0.6347591500194731,0.07384609539008102,0.9064832089552238,1.4280742686850827,0.022135832829243945,3.9056178671234374
166,"'bread', 'milk', 'fresh vegetables'",'fresh fruits',0.0783486743989437,0.6347591500194731,0.07084437605083925,0.9042192046556741,1.4245075547598398,0.02111183808421329,3.8132994058726384
182,"'fresh vegetables', 'chips pretzels', 'packaged vegetables fruits'",'fresh fruits',0.10832787134402934,0.6347591500194731,0.09791684477501354,0.9038933707471063,1.423994235796958,0.029154737237258643,3.800371033921468
221,"'fresh vegetables', 'packaged cheese', 'packaged vegetables fruits'",'fresh fruits',0.16539853523695536,0.6347591500194731,0.14876559041729598,0.899437169767976,1.4169739337201883,0.043777356775820314,3.631966693238681
129,"'nuts seeds dried fruit', 'packaged vegetables fruits'",'fresh fruits',0.07942207403607762,0.6347591500194731,0.07136682720165664,0.8985767252720966,1.4156183888716376,0.020952938993732344,3.6011541824141333
102,"'nuts seeds dried fruit', 'fresh vegetables'",'fresh fruits',0.08177785377067244,0.6347591500194731,0.07346613091675928,0.8983621791148798,1.4152803927085098,0.021556889966870482,3.593552545694122
121,"'frozen produce', 'yogurt'",'fresh fruits',0.09179941675453344,0.6347591500194731,0.08243329248715245,0.8979718543046358,1.4146654747349254,0.024162772735761416,3.579804841999809
138,"'spreads', 'packaged vegetables fruits'",'fresh fruits',0.07925109002308284,0.6347591500194731,0.07112934940583056,0.8975188781014025,1.4139518557138853,0.02082399486466175,3.563981767704725
168,"'bread', 'packaged cheese', 'fresh vegetables'",'fresh fruits',0.08848422672480123,0.6347591500194731,0.07936507936507936,0.8969404186795491,1.4130405503442254,0.023198906819114178,3.5439776224672994
137,"'soy lactosefree', 'packaged vegetables fruits'",'fresh fruits',0.14378805581678114,0.6347591500194731,0.12872246444957397,0.8952236242320143,1.4103359111949008,0.037451680356361414,3.485908414978081
186,"'packaged cheese', 'chips pretzels', 'packaged vegetables fruits'",'fresh fruits',0.07853865663560457,0.6347591500194731,0.07030292667635576,0.8951378809869377,1.4102008312278391,0.020449795746668158,3.483058071094578
231,"'water seltzer sparkling water', 'fresh vegetables', 'packaged vegetables fruits'",'fresh fruits',0.10064308987109705,0.6347591500194731,0.09005158017725343,0.8947616800377537,1.4096081639946494,0.026167457995342425,3.4706070004876084
178,"'packaged cheese', 'chips pretzels', 'fresh vegetables'",'fresh fruits',0.08226230847415766,0.6347591500194731,0.07341863535759406,0.8924942263279445,1.4060360158661196,0.021201882351898044,3.3974068322571007
140,"'yogurt', 'packaged vegetables fruits'",'fresh fruits',0.2139389967038082,0.6347591500194731,0.1906376753773522,0.8910842731551372,1.4038147746713072,0.05483793967362405,3.3534261815170905
120,"'frozen produce', 'packaged vegetables fruits'",'fresh fruits',0.12727859945095132,0.6347591500194731,0.11340989617470766,0.891036644525711,1.403739740495865,0.03261864057155282,3.351960375951427
116,"'spreads', 'fresh vegetables'",'fresh fruits',0.08373467080827943,0.6347591500194731,0.07452053233022712,0.8899602949517867,1.4020440586393825,0.021369183860803283,3.319173291317881
118,"'yogurt', 'fresh vegetables'",'fresh fruits',0.23079042109562756,0.6347591500194731,0.20467736266659067,0.8868538030951597,1.3971500892392852,0.05818103113929385,3.228043539878822
126,"'milk', 'packaged vegetables fruits'",'fresh fruits',0.17745290815308767,0.6347591500194731,0.15697282304104565,0.8845886194529201,1.3935815173767605,0.04433296589330808,3.1646866041216253
85,"'fresh dips tapenades', 'packaged vegetables fruits'",'fresh fruits',0.10053859964093358,0.6347591500194731,0.08872170452062732,0.882464096749811,1.3902345428541498,0.02490390846840021,3.107483244528854
119,"'packaged cheese', 'frozen produce'",'fresh fruits',0.08551100472105858,0.6347591500194731,0.07544194617803235,0.882248389246834,1.3898947171061156,0.02116305350398205,3.1017906901176437
115,"'soy lactosefree', 'fresh vegetables'",'fresh fruits',0.1562603896535674,0.6347591500194731,0.1378131144737967,0.8819452887537994,1.389417212381646,0.03862540235558659,3.0938269733159975
84,"'fresh dips tapenades', 'fresh vegetables'",'fresh fruits',0.10488919286046755,0.6347591500194731,0.09247385369467954,0.8816337619996377,1.3889264329196216,0.025894478788340572,3.08568436532898
69,"'crackers', 'packaged vegetables fruits'",'fresh fruits',0.10468021240014058,0.6347591500194731,0.09228387145801868,0.8815789473684211,1.3888400779120333,0.02583714881104754,3.084256066502229
142,"'soy lactosefree', 'yogurt'",'fresh fruits',0.1062095694052606,0.6347591500194731,0.09361374711464478,0.8814059565334048,1.388567548031982,0.02619625111502731,3.079757121894622
79,"'eggs', 'yogurt'",'fresh fruits',0.09593153040190742,0.6347591500194731,0.084513597978589,0.8809783146846222,1.3878938407703072,0.023620181280606993,3.068691633904608
78,"'eggs', 'packaged vegetables fruits'",'fresh fruits',0.12692713231312872,0.6347591500194731,0.11166205959742764,0.8797335728184404,1.3859328735811873,0.031093900975936853,3.036931074946984
94,"'frozen produce', 'fresh vegetables'",'fresh fruits',0.13913349101858977,0.6347591500194731,0.12237705774510084,0.8795657813886802,1.3856685348477402,0.034060801246898795,3.032699960127424
89,"'fresh herbs', 'fresh vegetables'",'fresh fruits',0.1298623578695392,0.6347591500194731,0.11420782156868332,0.8794528564113817,1.385490632761106,0.03177650166788998,3.029859017041129
47,"'bread', 'packaged vegetables fruits'",'fresh fruits',0.14139427963485415,0.6347591500194731,0.12430537744720868,0.8791400738998991,1.3849978749781375,0.03455406468857296,3.0220178165426
67,"'crackers', 'fresh vegetables'",'fresh fruits',0.10917329229717021,0.6347591500194731,0.09589353395457524,0.878360741320804,1.3837701138988823,0.026594787731195987,3.0026560005909846
59,"'cereal', 'fresh vegetables'",'fresh fruits',0.08435211307742727,0.6347591500194731,0.07397908295574364,0.877027027027027,1.3816689794863477,0.02043580735636942,2.970090428413074
57,"'fresh fruits', 'canned meals beans'",'fresh vegetables',0.0904600419860743,0.5344675272861987,0.07928908647041502,0.8765095033077813,1.6399677408996725,0.030941131511912176,3.7697837905217138
48,"'bread', 'yogurt'",'fresh fruits',0.11448329581184159,0.6347591500194731,0.10021562983861008,0.8753733820112843,1.3790638259951504,0.02754631029765761,2.930680908099405
60,"'cereal', 'packaged vegetables fruits'",'fresh fruits',0.08105592127136113,0.6347591500194731,0.07085387516267229,0.8741357084261103,1.3771139941807748,0.019402887472417765,2.901862358364836
124,"'lunch meat', 'packaged vegetables fruits'",'fresh fruits',0.10024412717410922,0.6347591500194731,0.08758181110066209,0.8736852079977258,1.3764042754971282,0.023950934141180547,2.8915128956072764
135,"'refrigerated', 'packaged vegetables fruits'",'fresh fruits',0.10809989266003629,0.6347591500194731,0.09441167250862044,0.8733743409490333,1.375914535335552,0.025794276526539525,2.8844142073410084
132,"'soy lactosefree', 'packaged cheese'",'fresh fruits',0.09349025866081521,0.6347591500194731,0.08162586798134375,0.8730948994106889,1.375474302944517,0.02228207085870399,2.878062806651997
99,"'lunch meat', 'fresh vegetables'",'fresh fruits',0.10776742374587976,0.6347591500194731,0.09399371158796653,0.872190392243279,1.3740493417330368,0.02558735329124351,2.8576947882959156
101,"'milk', 'fresh vegetables'",'fresh fruits',0.19447531655790185,0.6347591500194731,0.1695971426671606,0.8720754164020905,1.3738682087140248,0.04615215602909886,2.855126354200582
204,"'fresh herbs', 'packaged vegetables fruits'","'fresh fruits', 'fresh vegetables'",0.10153600638340315,0.4244678122595537,0.08853172228396645,0.8719244082701844,2.0541590742268574,0.04543295578883124,4.493691420568029
134,"'packaged cheese', 'yogurt'",'fresh fruits',0.15881565073665613,0.6347591500194731,0.13842105763111148,0.8715832286620012,1.3730928158109463,0.03761137015972213,2.844183405134804
58,"'canned meals beans', 'fresh vegetables'",'fresh fruits',0.09101099047239083,0.6347591500194731,0.07928908647041502,0.8712034234422295,1.372494470407402,0.021519027515729844,2.8357962590465386
130,"'other creams cheeses', 'packaged vegetables fruits'",'fresh fruits',0.08408613794610204,0.6347591500194731,0.07317165844993494,0.8701988251242658,1.3709118255287378,0.01979721299884704,2.813848567474001
70,"'crackers', 'yogurt'",'fresh fruits',0.085169036695069,0.6347591500194731,0.07404557673857494,0.8693954940887798,1.3696462572648358,0.01998375139803562,2.7965409572377484
159,"'soup broth bouillon', 'packaged vegetables fruits'",'fresh vegetables',0.08789528179115252,0.5344675272861987,0.0764108555850028,0.8693396736193667,1.6265528385485042,0.02943368166596186,3.5629213978666696
128,"'yogurt', 'milk'",'fresh fruits',0.15486402021410997,0.6347591500194731,0.13438393510206795,0.8677544010304852,1.3670608781360052,0.036082581262360996,2.761837466248854
260,"'fresh fruits', 'packaged cheese', 'yogurt', 'packaged vegetables fruits'",'fresh vegetables',0.10698849657557019,0.5344675272861987,0.09272083060233868,0.8666429903222942,1.6215072873046987,0.03553895338952574,3.4908736619011598
73,"'dry pasta', 'fresh vegetables'",'fresh fruits',0.08946263524360472,0.6347591500194731,0.07752225166946891,0.8665321724357614,1.3651353783701707,0.02073502536373622,2.736546002479399
44,"'bread', 'fresh vegetables'",'fresh fruits',0.15812221557284395,0.6347591500194731,0.1369866917443219,0.8663342544755496,1.3648235782800013,0.03661716858810758,2.732494017427346
53,"'butter', 'fresh vegetables'",'fresh fruits',0.08853172228396645,0.6347591500194731,0.0766958289399941,0.8663090128755363,1.36478381264604,0.020499508153263506,2.7319781073984797
131,"'packaged cheese', 'packaged vegetables fruits'",'fresh fruits',0.2032429967798011,0.6347591500194731,0.1760185422662981,0.8660497289212936,1.3643753365268148,0.047008190382941045,2.7266898905036103
110,"'fresh vegetables', 'packaged vegetables fruits'",'fresh fruits',0.34381085368518044,0.6347591500194731,0.29746468705176066,0.8651986517102281,1.36303454890518,0.07922760179908608,2.709474753883005
192,"'fresh fruits', 'eggs', 'packaged vegetables fruits'",'fresh vegetables',0.11166205959742764,0.5344675272861987,0.09656797089472134,0.8648234793704807,1.6181029439930439,0.03688822601000003,3.443885598962073
136,"'soup broth bouillon', 'packaged vegetables fruits'",'fresh fruits',0.08789528179115252,0.6347591500194731,0.07599289466434889,0.8645844590943479,1.3620669494371593,0.020200560303874834,2.697185622402089
75,"'eggs', 'fresh vegetables'",'fresh fruits',0.1451749261444055,0.6347591500194731,0.12549276642633914,0.8644245239808938,1.3618149875498051,0.033341653702776516,2.6940038176893775
252,"'fresh fruits', 'milk', 'packaged cheese', 'packaged vegetables fruits'",'fresh vegetables',0.0900040846180882,0.5344675272861987,0.07771223390612977,0.8634300791556728,1.6154958628446663,0.02960797335464238,3.4087482063085526
111,"'refrigerated', 'fresh vegetables'",'fresh fruits',0.11672508620443989,0.6347591500194731,0.10067158720659618,0.8624674479166666,1.358731808576856,0.02657927070151618,2.6556683813968713
98,"'juice nectars', 'fresh vegetables'",'fresh fruits',0.08300323919713506,0.6347591500194731,0.0715758076619836,0.8623254749370565,1.358508144247471,0.018888742100347126,2.6529297981129196
65,"'chips pretzels', 'yogurt'",'fresh fruits',0.10954375765865891,0.6347591500194731,0.09444016984411957,0.8621227887617066,1.358188832307905,0.024906267342770086,2.6490298628776325
64,"'chips pretzels', 'packaged vegetables fruits'",'fresh fruits',0.1404063720042176,0.6347591500194731,0.12082870251631472,0.860564237872945,1.3557334901695306,0.031704473165599614,2.6194201861048847
141,"'refrigerated', 'yogurt'",'fresh fruits',0.08664139902919077,0.6347591500194731,0.07453953055389322,0.8603223330775135,1.3553523931890081,0.01954310974962608,2.614883667717729
15,'fresh herbs','fresh fruits',0.1419072316738385,0.6347591500194731,0.12163612702212342,0.8571524198406854,1.3503585097030735,0.03155921326322124,2.556857103026751
205,"'fresh fruits', 'frozen produce', 'packaged vegetables fruits'",'fresh vegetables',0.11340989617470766,0.5344675272861987,0.09715691582837005,0.8566881648379262,1.6028815991643652,0.03654300905008952,3.248388189205188
72,"'fresh fruits', 'dry pasta'",'fresh vegetables',0.09049803843340648,0.5344675272861987,0.07752225166946891,0.8566180329589588,1.602750380941766,0.02915398884371477,3.2467993173824197
61,"'chips pretzels', 'fresh vegetables'",'fresh fruits',0.14941153002194296,0.6347591500194731,0.1279055408319322,0.8560620509886195,1.348640741866198,0.03306520503209469,2.5374882196747786
76,"'eggs', 'milk'",'fresh fruits',0.08643241856886381,0.6347591500194731,0.07389359094924625,0.8549291130893505,1.3468559107231821,0.019029822404346926,2.5176715863430412
122,"'ice cream ice', 'packaged vegetables fruits'",'fresh fruits',0.09383222668680478,0.6347591500194731,0.0802010012063872,0.8547276776675441,1.3465385692216059,0.02064013675023648,2.5141805687161294
104,"'oils vinegars', 'fresh vegetables'",'fresh fruits',0.08565349139855423,0.6347591500194731,0.07312416289076971,0.8537207496950205,1.3449522542035512,0.01875482549442318,2.496873953202738
125,"'packaged cheese', 'milk'",'fresh fruits',0.13882002032809931,0.6347591500194731,0.118491921005386,0.8535650745860135,1.344707003530123,0.03037464289623569,2.4942195241193565
5,'canned jarred vegetables','fresh vegetables',0.1169435657765999,0.5344675272861987,0.09979766891795618,0.8533831532775566,1.5966978529278988,0.03729513048530589,3.175163585362663
77,"'eggs', 'packaged cheese'",'fresh fruits',0.09295830839816477,0.6347591500194731,0.07920359446391763,0.8520335172695689,1.3422941870840779,0.02019745763785051,2.468402595241325
42,"'baking ingredients', 'fresh vegetables'",'fresh fruits',0.0892821521187769,0.6347591500194731,0.07604988933534715,0.8517927439089266,1.3419148725666976,0.019377226344523026,2.4643924974637286
108,"'packaged cheese', 'fresh vegetables'",'fresh fruits',0.22726625060556838,0.6347591500194731,0.19334492224976965,0.8507419017763845,1.3402593751508514,0.04908559018726649,2.447042099071438
139,"'water seltzer sparkling water', 'packaged vegetables fruits'",'fresh fruits',0.1339374768459149,0.6347591500194731,0.11389435087819288,0.8503546099290781,1.3396492353091576,0.028876311919727088,2.440708997500204
112,"'fresh fruits', 'soup broth bouillon'",'fresh vegetables',0.10468021240014058,0.5344675272861987,0.08888318942178906,0.8490925589836661,1.588670060639607,0.03293501514449185,3.084887462000055
113,"'soup broth bouillon', 'fresh vegetables'",'fresh fruits',0.10482269907763624,0.6347591500194731,0.08888318942178906,0.8479383778885365,1.3358427016964205,0.022346022052521675,2.4019265670650274
106,"'other creams cheeses', 'fresh vegetables'",'fresh fruits',0.09816382168267267,0.6347591500194731,0.0831837223219629,0.8473969421327657,1.3349897234356831,0.020873338308006473,2.3934045299294655
250,"'packaged cheese', 'yogurt', 'packaged vegetables fruits'",'fresh vegetables',0.11620263505362248,0.5344675272861987,0.09845829414949703,0.8472982915065806,1.5853129484008224,0.03635175912824686,3.0486395817494296
117,"'water seltzer sparkling water', 'fresh vegetables'",'fresh fruits',0.14244868104832198,0.6347591500194731,0.12059122472048864,0.8465590824219792,1.333669758673047,0.030170621016860744,2.3803354134324124
97,"'ice cream ice', 'fresh vegetables'",'fresh fruits',0.10512667065629364,0.6347591500194731,0.08893068498095429,0.8459383753501402,1.3326918963266436,0.02220056887078825,2.370745153509967
219,"'fresh fruits', 'packaged cheese', 'packaged vegetables fruits'",'fresh vegetables',0.1760185422662981,0.5344675272861987,0.14876559041729598,0.845169994603346,1.581330860070702,0.05468939537570637,3.0067329102079956
55,"'canned jarred vegetables', 'fresh vegetables'",'fresh fruits',0.09979766891795618,0.6347591500194731,0.08430461751826204,0.844755377879307,1.3308282013002752,0.020957134021975382,2.3526795646201184
256,"'fresh fruits', 'milk', 'yogurt', 'packaged vegetables fruits'",'fresh vegetables',0.09976917158245704,0.5344675272861987,0.08426662107092987,0.8446158240502714,1.5802939952944854,0.03094323863586157,2.9960095348731954
198,"'fresh dips tapenades', 'fresh fruits', 'packaged vegetables fruits'",'fresh vegetables',0.08872170452062732,0.5344675272861987,0.074928994139048,0.8445396145610278,1.5801514057350587,0.027510124107291554,2.994540836878032
211,"'fresh fruits', 'lunch meat', 'packaged vegetables fruits'",'fresh vegetables',0.08758181110066209,0.5344675272861987,0.07395058562024451,0.8443600867678959,1.579815505453065,0.02714095160602669,2.9910866887952943
96,"'hot dogs bacon sausage', 'fresh vegetables'",'fresh fruits',0.0925498465893439,0.6347591500194731,0.07813969393861674,0.8442984706969106,1.330108389411967,0.019392831983132165,2.345775610652783
45,"'bread', 'milk'",'fresh fruits',0.10710248591756671,0.6347591500194731,0.09034605264407777,0.8435476718403546,1.3289255803787567,0.022361769718070537,2.3345184713891363
246,"'packaged vegetables fruits', 'packaged cheese', 'milk'",'fresh vegetables',0.09833480569566745,0.5344675272861987,0.08270876673031072,0.8410935085007728,1.5737036687177084,0.030152006283978523,2.9296000957649064
143,"'water seltzer sparkling water', 'yogurt'",'fresh fruits',0.10214394954071794,0.6347591500194731,0.08590046830621337,0.8409746117362596,1.3248719797272086,0.02106366171611529,2.2967455320705294
68,"'packaged cheese', 'crackers'",'fresh fruits',0.08894018409278732,0.6347591500194731,0.07472951279055408,0.8402221510199722,1.3236865525990384,0.018273917133240933,2.2859291967698345
46,"'bread', 'packaged cheese'",'fresh fruits',0.11523372564665203,0.6347591500194731,0.09680544869054743,0.8400791360976012,1.3234612467923137,0.023659786945501415,2.2838849232545217
145,"'packaged cheese', 'frozen produce'",'fresh vegetables',0.08551100472105858,0.5344675272861987,0.07173729256314534,0.8389246834036881,1.5696457512833282,0.0260344373141227,2.890154013358372
196,"'fresh fruits', 'eggs', 'yogurt'",'fresh vegetables',0.084513597978589,0.5344675272861987,0.07085387516267229,0.8383724851073396,1.568612576640984,0.025684101428995944,2.880279839871135
123,"'packaged cheese', 'lunch meat'",'fresh fruits',0.08767680221899253,0.6347591500194731,0.07343763358126015,0.8375947995666305,1.3195474213186762,0.017783981128307,2.2489479955438707
169,"'bread', 'fresh fruits', 'packaged vegetables fruits'",'fresh vegetables',0.12430537744720868,0.5344675272861987,0.10411026569015797,0.8375362983340975,1.5670480535772762,0.03767307797757073,2.8654552859514593
81,"'eggs', 'packaged vegetables fruits'",'fresh vegetables',0.12692713231312872,0.5344675272861987,0.10630456052359104,0.8375243227061817,1.5670256469252266,0.03846612997066495,2.8652440812537137
227,"'fresh fruits', 'soy lactosefree', 'packaged vegetables fruits'",'fresh vegetables',0.12872246444957397,0.5344675272861987,0.10779592108137889,0.8374289720315844,1.5668472438048695,0.038997943800829465,2.8635635668382755
103,"'fresh fruits', 'oils vinegars'",'fresh vegetables',0.08750581820599775,0.5344675272861987,0.07312416289076971,0.8356491532783326,1.563517165432683,0.026355144611054468,2.8325529317302087
154,"'other creams cheeses', 'packaged vegetables fruits'",'fresh vegetables',0.08408613794610204,0.5344675272861987,0.0702459320053575,0.8354044283777678,1.5630592799895628,0.025304621778258145,2.828341419672321
62,"'chips pretzels', 'milk'",'fresh fruits',0.09494362277127089,0.6347591500194731,0.07920359446391763,0.8342171085542772,1.31422620458277,0.018937261173856225,2.203127516931423
147,"'frozen produce', 'packaged vegetables fruits'",'fresh vegetables',0.12727859945095132,0.5344675272861987,0.10609558006326408,0.8335696693783119,1.559626407259629,0.0380693017382636,2.7971612564539132
248,"'packaged vegetables fruits', 'yogurt', 'milk'",'fresh vegetables',0.10763443618021715,0.5344675272861987,0.08866470984962906,0.8237578324949254,1.5412682538032219,0.031137598893544234,2.641436378728133
127,"'water seltzer sparkling water', 'milk'",'fresh fruits',0.08541601360272814,0.6347591500194731,0.07035992134735403,0.823732206405694,1.297708282551616,0.016141325154834553,2.072079320520441
18,'frozen produce','fresh fruits',0.1852991745271817,0.6347591500194731,0.1526032315978456,0.8235505203260369,1.297422054177198,0.034982885075661746,2.069945746824562
232,"'fresh fruits', 'yogurt', 'packaged vegetables fruits'",'fresh vegetables',0.1906376753773522,0.5344675272861987,0.15692532748188046,0.8231600976630625,1.540149879343883,0.05503568051535797,2.6325080853460925
63,"'chips pretzels', 'packaged cheese'",'fresh fruits',0.11336240061554245,0.6347591500194731,0.09308179685199434,0.8210993799229094,1.293560525906117,0.021123975793105612,2.0415851539426737
259,"'fresh fruits', 'packaged cheese', 'yogurt', 'fresh vegetables'",'packaged vegetables fruits',0.11299193525405375,0.4676412755407369,0.09272083060233868,0.8205968894493484,1.7547571875482684,0.03988113787431662,2.9673884852122456
133,"'water seltzer sparkling water', 'packaged cheese'",'fresh fruits',0.09635899043439439,0.6347591500194731,0.07904210956275588,0.8202878548895899,1.2922820488124118,0.017877358697885162,2.032365980363392
167,"'bread', 'fresh fruits', 'packaged cheese'",'fresh vegetables',0.09680544869054743,0.5344675272861987,0.07936507936507936,0.8198410362084192,1.533939845459325,0.027625710575611494,2.584009493151606
7,'canned meals beans','fresh vegetables',0.11118710400577546,0.5344675272861987,0.09101099047239083,0.8185390858607433,1.5315038689383815,0.031585093928310624,2.5654696766078366
148,"'frozen produce', 'yogurt'",'fresh vegetables',0.09179941675453344,0.5344675272861987,0.07502398525737844,0.8172599337748345,1.5291105484453595,0.025960177978267704,2.547511787262841
216,"'fresh fruits', 'milk', 'packaged vegetables fruits'",'fresh vegetables',0.15697282304104565,0.5344675272861987,0.12826650708158788,0.8171255673222392,1.528859145982655,0.04436963049970617,2.545640010455186
189,"'fresh fruits', 'crackers', 'packaged vegetables fruits'",'fresh vegetables',0.09228387145801868,0.5344675272861987,0.07536595328336801,0.8166752444673185,1.5280165824368261,0.02604322069680335,2.5393868458251423
222,"'fresh fruits', 'packaged cheese', 'yogurt'",'fresh vegetables',0.13842105763111148,0.5344675272861987,0.11299193525405375,0.8162915179796871,1.527298622096785,0.03901037485761319,2.5340826269650782
155,"'packaged cheese', 'packaged vegetables fruits'",'fresh vegetables',0.2032429967798011,0.5344675272861987,0.16539853523695536,0.8137969713965227,1.5226312729019131,0.05677175330981822,2.5001337314720113
6,'canned meals beans','fresh fruits',0.11118710400577546,0.6347591500194731,0.0904600419860743,0.8135839384878257,1.2817206943182569,0.019883010354241504,1.9592777951521847
26,'packaged vegetables fruits','fresh fruits',0.4676412755407369,0.6347591500194731,0.38042992980156354,0.8135080235628682,1.2816010978934473,0.08359035122530312,1.958480235763135
87,"'fresh dips tapenades', 'packaged vegetables fruits'",'fresh vegetables',0.10053859964093358,0.5344675272861987,0.08168286265234201,0.8124527588813303,1.5201162229754606,0.027948245905435133,2.4822144540064848
52,"'butter', 'fresh fruits'",'fresh vegetables',0.09441167250862044,0.5344675272861987,0.0766958289399941,0.8123553677432337,1.5199340021049221,0.02623585578735735,2.480926137427598
160,"'soy lactosefree', 'packaged vegetables fruits'",'fresh vegetables',0.14378805581678114,0.5344675272861987,0.1166205959742764,0.811058994516747,1.5175084604951836,0.03977054932859146,2.463903859954129
251,"'fresh fruits', 'milk', 'packaged cheese', 'fresh vegetables'",'packaged vegetables fruits',0.09584603839541003,0.4676412755407369,0.07771223390612977,0.8108027750247769,1.7338135392074618,0.03289067025537378,2.8137766002063715
151,"'lunch meat', 'packaged vegetables fruits'",'fresh vegetables',0.10024412717410922,0.5344675272861987,0.081245903508022,0.8104804321046147,1.5164259580369521,0.027668672732312598,2.4563820922743713
180,"'fresh fruits', 'chips pretzels', 'packaged vegetables fruits'",'fresh vegetables',0.12082870251631472,0.5344675272861987,0.09791684477501354,0.8103773584905661,1.5162331051342286,0.03333782691591912,2.455046871028008
200,"'fresh dips tapenades', 'fresh fruits', 'fresh vegetables'",'packaged vegetables fruits',0.09247385369467954,0.4676412755407369,0.074928994139048,0.8102722136620442,1.7326789914451428,0.03168440324310057,2.8059080577211297
213,"'fresh fruits', 'packaged cheese', 'milk'",'fresh vegetables',0.118491921005386,0.5344675272861987,0.09584603839541003,0.8088824755491423,1.5134361476670195,0.032515954372269784,2.4358439868422646
41,"'baking ingredients', 'fresh fruits'",'fresh vegetables',0.09404120714713174,0.5344675272861987,0.07604988933534715,0.8086868686868688,1.51307016310802,0.02578791788841045,2.4333534740584133
50,"'bread', 'packaged vegetables fruits'",'fresh vegetables',0.14139427963485415,0.5344675272861987,0.1143313100225129,0.8085992610010077,1.5129062472826638,0.03876065901365908,2.432239682816753
224,"'fresh fruits', 'refrigerated', 'packaged vegetables fruits'",'fresh vegetables',0.09441167250862044,0.5344675272861987,0.07633486269033846,0.8085320454774123,1.5127804856223874,0.0258748895377017,2.43138583620729
40,'spices seasonings','fresh vegetables',0.09093499757772648,0.5344675272861987,0.07342813446942711,0.8074793690588113,1.510810905872714,0.02482633117028317,2.4180913517575813
80,"'eggs', 'packaged cheese'",'fresh vegetables',0.09295830839816477,0.5344675272861987,0.07495749147454712,0.8063560188023707,1.5087090938839771,0.02527429424427212,2.404063735080348
90,'fresh herbs',"'fresh fruits', 'fresh vegetables'",0.1419072316738385,0.4244678122595537,0.11420782156868332,0.8048062119285092,1.8960359035101253,0.053972769396279444,2.948516924778643
172,"'bread', 'fresh fruits', 'yogurt'",'fresh vegetables',0.10021562983861008,0.5344675272861987,0.08064745946254025,0.804739336492891,1.505684247233913,0.027085459587269323,2.3841590228789333
255,"'fresh fruits', 'milk', 'yogurt', 'fresh vegetables'",'packaged vegetables fruits',0.1048131999658032,0.4676412755407369,0.08426662107092987,0.8039695486677543,1.7192014279281027,0.035251642545415345,2.715694020195798
34,'yogurt','fresh fruits',0.34178754286474217,0.6347591500194731,0.27472381332345425,0.8037853311469941,1.2662839615976165,0.05777104312738626,1.8614349891146358
74,"'fresh fruits', 'eggs'",'fresh vegetables',0.15618439675890305,0.5344675272861987,0.12549276642633914,0.8034910594818148,1.5033486946561643,0.04201727808992163,2.3690142111916797
105,"'fresh fruits', 'other creams cheeses'",'fresh vegetables',0.10358781453934057,0.5344675272861987,0.0831837223219629,0.8030261348005503,1.5024788107857163,0.027819399228140203,2.3634225395456263
10,'dry pasta','fresh fruits',0.11281145212922591,0.6347591500194731,0.09049803843340648,0.8022061300101044,1.2637960870441873,0.01888993696739656,1.846573152136542
93,"'fresh fruits', 'frozen produce'",'fresh vegetables',0.1526032315978456,0.5344675272861987,0.12237705774510084,0.8019296607531902,1.5004272847502105,0.04081558589711719,2.3503391496377177
82,"'eggs', 'yogurt'",'fresh vegetables',0.09593153040190742,0.5344675272861987,0.07692380762398715,0.8018615704525199,1.5002998863636032,0.02565151978129889,2.349531455240718
249,"'packaged cheese', 'yogurt', 'fresh vegetables'",'packaged vegetables fruits',0.12300399912608172,0.4676412755407369,0.09845829414949703,0.8004479110356012,1.7116707889183598,0.04093654710156448,2.6677682364640085
14,'fresh dips tapenades','fresh fruits',0.14792966857598813,0.6347591500194731,0.11831143788055817,0.7997816734091057,1.259976596453269,0.02441172719260158,1.8242128790079375
30,'soy lactosefree','fresh fruits',0.2279881831048797,0.6347591500194731,0.18193648893828426,0.7980084163159867,1.2571830060133917,0.037218903616146826,1.808198358164732
32,'spreads','fresh fruits',0.12560675576833566,0.6347591500194731,0.10023462806227618,0.7980034787869621,1.2571752274267822,0.02050459053406388,1.8081541592259478
263,"'packaged cheese', 'yogurt', 'packaged vegetables fruits'","'fresh fruits', 'fresh vegetables'",0.11620263505362248,0.4244678122595537,0.09272083060233868,0.7979236491457533,1.8798213341506298,0.04339655232233222,2.8480927397366016
27,'pasta sauce','fresh fruits',0.10316035450685361,0.6347591500194731,0.08230030492148985,0.7977900552486188,1.2568389998381972,0.016818325979011922,1.8062457335102557
95,"'fresh fruits', 'hot dogs bacon sausage'",'fresh vegetables',0.09800233678151093,0.5344675272861987,0.07813969393861674,0.7973248037220121,1.4918115002617502,0.025760627330733303,2.296938556187606
33,'tortillas flat bread','fresh fruits',0.08932014856610906,0.6347591500194731,0.07110085207033143,0.7960225459959588,1.2540544645501186,0.014404070486894974,1.7905942191693924
162,"'yogurt', 'packaged vegetables fruits'",'fresh vegetables',0.2139389967038082,0.5344675272861987,0.17012909292981107,0.7952224491608205,1.4878779505999655,0.05578564637143649,2.2733569710451498
4,'canned jarred vegetables','fresh fruits',0.1169435657765999,0.6347591500194731,0.09296780750999782,0.7949800990983673,1.2524121929931675,0.018736809097396917,1.7814897401387741
235,"'fresh fruits', 'soy lactosefree', 'yogurt'",'fresh vegetables',0.09361374711464478,0.5344675272861987,0.07439704387639756,0.7947234906139017,1.4869443886500893,0.02436353593603785,2.2678312004916035
16,'fresh vegetables','fresh fruits',0.5344675272861987,0.6347591500194731,0.4244678122595537,0.7941882164756064,1.2511646605665194,0.08520965892635662,1.7746352697888028
206,"'fresh fruits', 'frozen produce', 'fresh vegetables'",'packaged vegetables fruits',0.12237705774510084,0.4676412755407369,0.09715691582837005,0.7939144609174882,1.6976997165177075,0.039928352447528674,2.5831930121313325
12,'eggs','fresh fruits',0.19681209806883057,0.6347591500194731,0.15618439675890305,0.7935711182972152,1.2501924836733271,0.031256116675182966,1.7693301778691928
22,'nuts seeds dried fruit','fresh fruits',0.12430537744720868,0.6347591500194731,0.09863877727432485,0.7935197921442764,1.2501116244168087,0.01973480154308488,1.7688903637472893
11,'dry pasta','fresh vegetables',0.11281145212922591,0.5344675272861987,0.08946263524360472,0.793027955540586,1.4837720068181661,0.029168577374531962,2.2492529072209533
13,'energy granola bars','fresh fruits',0.12470434014419651,0.6347591500194731,0.09861977905065876,0.7908287629494211,1.2458721751788218,0.019462558096989324,1.7461332405478354
230,"'water seltzer sparkling water', 'fresh fruits', 'packaged vegetables fruits'",'fresh vegetables',0.11389435087819288,0.5344675272861987,0.09005158017725343,0.7906588824020017,1.479339421080706,0.029178748091518977,2.2237985449555686
254,"'milk', 'packaged cheese', 'packaged vegetables fruits'","'fresh fruits', 'fresh vegetables'",0.09833480569566745,0.4244678122595537,0.07771223390612977,0.7902820710973725,1.861818607376831,0.035972274063521506,2.7443156183736064
156,"'soy lactosefree', 'packaged cheese'",'fresh vegetables',0.09349025866081521,0.5344675272861987,0.07377960160724972,0.7891688681162365,1.4765515729707734,0.023812094235456688,2.2080822151562565
20,'lunch meat','fresh fruits',0.1533251640971569,0.6347591500194731,0.12098068830564342,0.7890465274766123,1.2430644401934277,0.023656137466735852,1.7313810747535043
179,"'fresh fruits', 'chips pretzels', 'packaged cheese'",'fresh vegetables',0.09308179685199434,0.5344675272861987,0.07341863535759406,0.7887539544851515,1.4757752608284964,0.023669437558752365,2.20374526575968
149,"'ice cream ice', 'packaged vegetables fruits'",'fresh vegetables',0.09383222668680478,0.5344675272861987,0.07399808117940973,0.7886211783761896,1.4755268339322245,0.02384780300235511,2.2023609987868444
153,"'packaged vegetables fruits', 'milk'",'fresh vegetables',0.17745290815308767,0.5344675272861987,0.1397319350640715,0.7874310797066538,1.473300134256795,0.04488911803374579,2.1900307536556336
209,"'fresh fruits', 'lunch meat', 'fresh vegetables'",'packaged vegetables fruits',0.09399371158796653,0.4676412755407369,0.07395058562024451,0.7867609903991915,1.6824027979340663,0.029995246440439695,2.496535345272231
190,"'fresh fruits', 'crackers', 'fresh vegetables'",'packaged vegetables fruits',0.09589353395457524,0.4676412755407369,0.07536595328336801,0.7859336305101536,1.6806335788075444,0.030522178748741476,2.486886313473514
17,'frozen breakfast','fresh fruits',0.09115347714988649,0.6347591500194731,0.07162330322114882,0.7857440600250104,1.2378617307066866,0.013762799544167405,1.7046941616795406
3,'butter','fresh fruits',0.12030625136549733,0.6347591500194731,0.09441167250862044,0.7847611527832609,1.236313257964357,0.01804617864982827,1.6969095249462107
165,"'bread', 'fresh fruits', 'milk'",'fresh vegetables',0.09034605264407777,0.5344675272861987,0.07084437605083925,0.7841446745873201,1.4671512010633778,0.022557344694090264,2.1566874563959897
245,"'milk', 'packaged cheese', 'fresh vegetables'",'packaged vegetables fruits',0.1054876369059493,0.4676412755407369,0.08270876673031072,0.7840612336785232,1.6766296618533247,0.03337839365383447,2.4653226168140607
258,"'milk', 'yogurt', 'packaged vegetables fruits'","'fresh fruits', 'fresh vegetables'",0.10763443618021715,0.4244678122595537,0.08426662107092987,0.7828964786867886,1.8444189549243437,0.038579267421722546,2.6509574062142276
247,"'milk', 'yogurt', 'fresh vegetables'",'packaged vegetables fruits',0.11330540594454419,0.4676412755407369,0.08866470984962906,0.7825285043594902,1.6733520869274143,0.035678425288061415,2.4479471339051995
228,"'fresh fruits', 'soy lactosefree', 'fresh vegetables'",'packaged vegetables fruits',0.1378131144737967,0.4676412755407369,0.10779592108137889,0.7821891370278466,1.6726263868034228,0.043348820442611,2.444133029890819
109,"'fresh fruits', 'packaged vegetables fruits'",'fresh vegetables',0.38042992980156354,0.5344675272861987,0.29746468705176066,0.7819171514894255,1.4629834584332408,0.09413724316505684,2.134658804638772
83,"'fresh dips tapenades', 'fresh fruits'",'fresh vegetables',0.11831143788055817,0.5344675272861987,0.09247385369467954,0.7816138097149739,1.4624158995845453,0.029240232040982916,2.1316937307538213
38,'pasta sauce','fresh vegetables',0.10316035450685361,0.5344675272861987,0.08061896212704112,0.7814917127071822,1.462187453511476,0.025483102539795403,2.130502593203489
71,"'crackers', 'packaged vegetables fruits'",'fresh vegetables',0.10468021240014058,0.5344675272861987,0.08168286265234201,0.7803085299455536,1.459973693645397,0.025734688375044792,2.119028438375089
1,'bread','fresh fruits',0.23142686158844147,0.6347591500194731,0.18057811594615902,0.7802815745187374,1.2292561272961562,0.033677797992605646,1.6623132501542264
218,"'fresh fruits', 'yogurt', 'milk'",'fresh vegetables',0.13438393510206795,0.5344675272861987,0.1048131999658032,0.7799533469993639,1.4593091388725503,0.03298935046481194,2.115608060225554
86,"'fresh dips tapenades', 'fresh vegetables'",'packaged vegetables fruits',0.10488919286046755,0.4676412755407369,0.08168286265234201,0.7787538489404093,1.6652803969023708,0.032632346712634604,2.4061829862788304
31,'spices seasonings','fresh fruits',0.09093499757772648,0.6347591500194731,0.07072088759700967,0.7777081374699676,1.225201932805709,0.012999065827549165,1.6430689176990523
107,"'fresh fruits', 'packaged cheese'",'fresh vegetables',0.24868674778908173,0.5344675272861987,0.19334492224976965,0.7774637127578304,1.454650980772329,0.06042993109009259,2.091939604470875
100,"'fresh fruits', 'lunch meat'",'fresh vegetables',0.12098068830564342,0.5344675272861987,0.09399371158796653,0.7769315326633167,1.453655260607222,0.029333462259866952,2.086948811152051
2,'breakfast bakery','fresh fruits',0.10135552325857532,0.6347591500194731,0.07865264597760109,0.7760074976569822,1.2225227436787258,0.014316300184208888,1.6305940875699672
158,"'refrigerated', 'packaged vegetables fruits'",'fresh vegetables',0.10809989266003629,0.5344675272861987,0.08380116459111073,0.775219683655536,1.4504523550603259,0.02602528226119763,2.0710553320887635
202,"'fresh herbs', 'fresh fruits', 'fresh vegetables'",'packaged vegetables fruits',0.11420782156868332,0.4676412755407369,0.08853172228396645,0.775180903268735,1.6576400412311505,0.0351234309288585,2.3679426356543556
157,"'packaged cheese', 'yogurt'",'fresh vegetables',0.15881565073665613,0.5344675272861987,0.12300399912608172,0.774508044739518,1.4491208636605932,0.03812219098251256,2.0645192072419216
39,'soup broth bouillon','fresh vegetables',0.13555232585753232,0.5344675272861987,0.10482269907763624,0.7733006306937631,1.4468617665515777,0.03237438265866788,2.053523457689627
241,"'fresh fruits', 'packaged cheese', 'yogurt'",'packaged vegetables fruits',0.13842105763111148,0.4676412755407369,0.10698849657557019,0.7729206697776558,1.6528067777676856,0.042257096623259355,2.3443733251194874
29,'soup broth bouillon','fresh fruits',0.13555232585753232,0.6347591500194731,0.10468021240014058,0.772249474421864,1.2166023512983986,0.01863713325565071,1.6036882859144974
66,"'chips pretzels', 'packaged vegetables fruits'",'fresh vegetables',0.1404063720042176,0.5344675272861987,0.10832787134402934,0.7715310195521278,1.4435507868357087,0.033285224883709,2.037617849920846
23,'oils vinegars','fresh fruits',0.11347638995753898,0.6347591500194731,0.08750581820599775,0.7711367821865059,1.2148494151881843,0.015475641369272028,1.5958914388688272
24,'other creams cheeses','fresh fruits',0.13435543776656883,0.6347591500194731,0.10358781453934057,0.7709983031674208,1.2146312552466052,0.018304471062139116,1.5949263915173113
164,"'frozen produce', 'yogurt'",'packaged vegetables fruits',0.09179941675453344,0.4676412755407369,0.07066389292601141,0.7697640728476821,1.6460567385922007,0.027734696581025696,2.312231331763739
183,"'fresh fruits', 'chips pretzels', 'yogurt'",'fresh vegetables',0.09444016984411957,0.5344675272861987,0.07268720374644971,0.7696640514986925,1.4400576502874232,0.022211999693374493,2.0211021151618405
193,"'fresh fruits', 'eggs', 'fresh vegetables'",'packaged vegetables fruits',0.12549276642633914,0.4676412755407369,0.09656797089472134,0.7695102566043448,1.6455139801647205,0.037882373531972345,2.3096850932122575
220,"'fresh fruits', 'packaged cheese', 'fresh vegetables'",'packaged vegetables fruits',0.19334492224976965,0.4676412755407369,0.14876559041729598,0.769431070059939,1.645344648353036,0.058349524357089094,2.3088918554536204
25,'packaged cheese','fresh fruits',0.3234352588033019,0.6347591500194731,0.24868674778908173,0.7688918910981234,1.2113128122289145,0.04338325782476951,1.580389592195573
21,'milk','fresh fruits',0.3041995573413886,0.6347591500194731,0.23382063777036846,0.7686422682987758,1.2109195562997326,0.04072718531604866,1.578684435116262
49,"'bread', 'packaged cheese'",'fresh vegetables',0.11523372564665203,0.5344675272861987,0.08848422672480123,0.7678674470365181,1.4366961655003176,0.0268955423184589,2.005459668498269
233,"'fresh fruits', 'yogurt', 'fresh vegetables'",'packaged vegetables fruits',0.20467736266659067,0.4676412755407369,0.15692532748188046,0.7666960597763031,1.6394961263625991,0.06120974453016198,2.281824833086085
181,"'fresh fruits', 'chips pretzels', 'fresh vegetables'",'packaged vegetables fruits',0.1279055408319322,0.4676412755407369,0.09791684477501354,0.765540289639807,1.6370246376447575,0.03810293451164096,2.270576567894831
243,"'fresh fruits', 'soy lactosefree', 'yogurt'",'packaged vegetables fruits',0.09361374711464478,0.4676412755407369,0.07160430499748273,0.7648909183155758,1.6356360277033437,0.027826652888642264,2.264305235022027
208,"'frozen produce', 'packaged vegetables fruits'","'fresh fruits', 'fresh vegetables'",0.12727859945095132,0.4244678122595537,0.09715691582837005,0.7633405478020748,1.798347308688997,0.043131247171964704,2.4319002786295303
174,"'bread', 'fresh fruits', 'packaged cheese'",'packaged vegetables fruits',0.09680544869054743,0.4676412755407369,0.07384609539008102,0.7628299479933275,1.6312288668515451,0.02857587188514006,2.2446287798776794
9,'crackers','fresh fruits',0.17291233269689285,0.6347591500194731,0.13187616957814444,0.762676481898588,1.20152105231597,0.02211848424758038,1.538999813008224
146,"'frozen produce', 'fresh vegetables'",'packaged vegetables fruits',0.13913349101858977,0.4676412755407369,0.10609558006326408,0.7625452311053458,1.6306200307567147,0.041031016852895105,2.241937388486149
51,"'bread', 'yogurt'",'fresh vegetables',0.11448329581184159,0.5344675272861987,0.08723984307467252,0.7620311981413873,1.425776420899996,0.026052239046543108,1.9562752305253601
195,"'eggs', 'packaged vegetables fruits'","'fresh fruits', 'fresh vegetables'",0.12692713231312872,0.4244678122595537,0.09656797089472134,0.7608142493638677,1.7923956243321573,0.042691488725388686,2.406214359382929
170,"'bread', 'fresh fruits', 'fresh vegetables'",'packaged vegetables fruits',0.1369866917443219,0.4676412755407369,0.10411026569015797,0.7600027737327508,1.6251832622215698,0.04004963443073753,2.218186987988163
152,"'packaged cheese', 'milk'",'fresh vegetables',0.13882002032809931,0.5344675272861987,0.1054876369059493,0.7598877788422062,1.4217660382485662,0.03129284390337021,1.9388120707436571
237,"'fresh fruits', 'packaged cheese', 'milk'",'packaged vegetables fruits',0.118491921005386,0.4676412755407369,0.0900040846180882,0.7595799262465929,1.6242790488677143,0.034592371537857255,2.2142856715254577
43,"'bread', 'fresh fruits'",'fresh vegetables',0.18057811594615902,0.5344675272861987,0.1369866917443219,0.7586007364544977,1.4193579548346988,0.04047355263257779,1.92847511577454
91,"'fresh herbs', 'fresh fruits'",'packaged vegetables fruits',0.12163612702212342,0.4676412755407369,0.09223637589885346,0.7582975400234284,1.6215368054212143,0.03535430230639256,2.2025374690471295
225,"'fresh fruits', 'refrigerated', 'fresh vegetables'",'packaged vegetables fruits',0.10067158720659618,0.4676412755407369,0.07633486269033846,0.7582562747688244,1.6214485641628773,0.029256673238335286,2.2021614995391383
114,"'fresh fruits', 'soy lactosefree'",'fresh vegetables',0.18193648893828426,0.5344675272861987,0.1378131144737967,0.7574792460711116,1.4172596227076182,0.040573969107819075,1.9195572550887916
214,"'fresh fruits', 'milk', 'fresh vegetables'",'packaged vegetables fruits',0.1695971426671606,0.4676412755407369,0.12826650708158788,0.7563011089951832,1.6172676548293707,0.048955882956652555,2.1844938327960666
185,"'fresh fruits', 'chips pretzels', 'packaged cheese'",'packaged vegetables fruits',0.09308179685199434,0.4676412755407369,0.07030292667635576,0.7552811511378712,1.615086585897565,0.02677403646686538,2.1753891330176476
176,"'bread', 'fresh fruits', 'yogurt'",'packaged vegetables fruits',0.10021562983861008,0.4676412755407369,0.07568892308569149,0.7552606635071091,1.615042775327725,0.028823958118845534,2.1752070267409866
8,'condiments','fresh fruits',0.10167849306089881,0.6347591500194731,0.0767813209464915,0.7551382660687592,1.1896453419310191,0.012239967115894465,1.4916207776389003
37,'oils vinegars','fresh vegetables',0.11347638995753898,0.5344675272861987,0.08565349139855423,0.754813326636531,1.4122716312984542,0.025004045852583937,1.8986858719832942
28,'refrigerated','fresh fruits',0.18497620472485823,0.6347591500194731,0.13945646082091326,0.7539156781184204,1.1877192760361026,0.022041122335934193,1.484210156859516
150,"'lunch meat', 'fresh vegetables'",'packaged vegetables fruits',0.10776742374587976,0.4676412755407369,0.081245903508022,0.7539003966505068,1.6121339926180946,0.03084940800575968,2.163184000354706
262,"'packaged cheese', 'yogurt', 'fresh vegetables'","'fresh fruits', 'packaged vegetables fruits'",0.12300399912608172,0.38042992980156354,0.09272083060233868,0.7538033825005792,1.9814513092956998,0.04592642784949183,2.5165661351943394
19,'hot dogs bacon sausage','fresh fruits',0.13007133832986617,0.6347591500194731,0.09800233678151093,0.7534506682246404,1.186986699130727,0.015438364621349773,1.4814108290235055
0,'baking ingredients','fresh fruits',0.12486582504535826,0.6347591500194731,0.09404120714713174,0.7531380753138075,1.186494240044752,0.014781482174859889,1.4795349685651848
163,"'soy lactosefree', 'yogurt'",'fresh vegetables',0.1062095694052606,0.5344675272861987,0.07995402429872807,0.7527949199534926,1.4084951498847245,0.023188458364566525,1.8831832769222188
161,"'water seltzer sparkling water', 'packaged vegetables fruits'",'fresh vegetables',0.1339374768459149,0.5344675272861987,0.10064308987109705,0.7514184397163121,1.40591972637084,0.029057857810308424,1.872755453713152
36,'frozen produce','fresh vegetables',0.1852991745271817,0.5344675272861987,0.13913349101858977,0.7508586661198545,1.4048723781824481,0.04009709940087318,1.8685477253555813
187,"'fresh fruits', 'chips pretzels', 'yogurt'",'packaged vegetables fruits',0.09444016984411957,0.4676412755407369,0.07087287338633838,0.7504526252263127,1.6047613084592651,0.026708751898150467,2.133297234411123
